[
{
  "fields": {
    "expire_date": "2015-04-22T06:46:14.145Z",
    "session_data": "MjA1NDQ1MmI3ZTRmZGIwZTZmNDdmOTZkNWY5NWViODU0MmY1YjQ1Mjp7fQ=="
  },
  "model": "sessions.session",
  "pk": "65893qeae6hkw7n8j58vlzh7z0td5e1i"
},
{
  "fields": {
    "expire_date": "2015-04-22T03:25:20.865Z",
    "session_data": "MjA1NDQ1MmI3ZTRmZGIwZTZmNDdmOTZkNWY5NWViODU0MmY1YjQ1Mjp7fQ=="
  },
  "model": "sessions.session",
  "pk": "95gg32eb49mppb0g99ftzpt2f86okftp"
},
{
  "fields": {
    "expire_date": "2015-04-11T19:40:55.090Z",
    "session_data": "MjA1NDQ1MmI3ZTRmZGIwZTZmNDdmOTZkNWY5NWViODU0MmY1YjQ1Mjp7fQ=="
  },
  "model": "sessions.session",
  "pk": "9d1cdn1s2t6jeh1otz3d22bk3wjo12hb"
},
{
  "fields": {
    "expire_date": "2015-04-11T19:57:12.990Z",
    "session_data": "NzczMWE4ODA4ZTE1YzEzODI1MDFiZTVlNWQ3MTU2ODdkYmRkMWFlZjp7InRvdGFsIjoiMTIuMDAiLCJfYXV0aF91c2VyX2hhc2giOiJjMjZhODgyN2M5NTVkMTQzZjQyZjBiODQwMGExZjUyNmE4NjYwYzRkIiwiX2F1dGhfdXNlcl9pZCI6MywiX2F1dGhfdXNlcl9iYWNrZW5kIjoiZGphbmdvLmNvbnRyaWIuYXV0aC5iYWNrZW5kcy5Nb2RlbEJhY2tlbmQifQ=="
  },
  "model": "sessions.session",
  "pk": "aqbnoa2odwqmts6pwl66swyri8wbddt3"
},
{
  "fields": {
    "expire_date": "2015-04-22T11:44:00.001Z",
    "session_data": "MjA1NDQ1MmI3ZTRmZGIwZTZmNDdmOTZkNWY5NWViODU0MmY1YjQ1Mjp7fQ=="
  },
  "model": "sessions.session",
  "pk": "azkg6am41lan6y12axxyr7khjubtp5ro"
},
{
  "fields": {
    "expire_date": "2015-04-11T08:04:23.394Z",
    "session_data": "MjA1NDQ1MmI3ZTRmZGIwZTZmNDdmOTZkNWY5NWViODU0MmY1YjQ1Mjp7fQ=="
  },
  "model": "sessions.session",
  "pk": "cul6s5od3yifsd43msvjscitqcm34gkp"
},
{
  "fields": {
    "expire_date": "2015-04-11T19:50:07.117Z",
    "session_data": "M2M0MWUxNmZiMzFlNTcwZjkyOWM3MGJiNWMzNjE4OWUzMzdkMTY3YTp7InRvdGFsIjoiMTcuOTkiLCJfYXV0aF91c2VyX2hhc2giOiJmMDk3NDc3ZWEwMWVlNTYzM2YzYjg1NWQ3MjVmZDcxMDY5NmUwNGE3IiwiX2F1dGhfdXNlcl9pZCI6MiwiX2F1dGhfdXNlcl9iYWNrZW5kIjoiZGphbmdvLmNvbnRyaWIuYXV0aC5iYWNrZW5kcy5Nb2RlbEJhY2tlbmQifQ=="
  },
  "model": "sessions.session",
  "pk": "i14vfahbb1er8aaxsutv6sqlm2ibm7nm"
},
{
  "fields": {
    "expire_date": "2015-04-23T01:19:58.824Z",
    "session_data": "MjA1NDQ1MmI3ZTRmZGIwZTZmNDdmOTZkNWY5NWViODU0MmY1YjQ1Mjp7fQ=="
  },
  "model": "sessions.session",
  "pk": "jyc9rqm2xv823d8nfd00yzt5tefc3l3e"
},
{
  "fields": {
    "expire_date": "2015-04-22T09:37:00.242Z",
    "session_data": "MjA1NDQ1MmI3ZTRmZGIwZTZmNDdmOTZkNWY5NWViODU0MmY1YjQ1Mjp7fQ=="
  },
  "model": "sessions.session",
  "pk": "m6x8o87uulxorv2jb0nsr4cqwqwdfe34"
},
{
  "fields": {
    "expire_date": "2015-04-21T23:29:20.139Z",
    "session_data": "MjA1NDQ1MmI3ZTRmZGIwZTZmNDdmOTZkNWY5NWViODU0MmY1YjQ1Mjp7fQ=="
  },
  "model": "sessions.session",
  "pk": "n4czuirxrnv34r50dti5u7hoqf0j539d"
},
{
  "fields": {
    "expire_date": "2015-04-22T07:07:39.614Z",
    "session_data": "MjA1NDQ1MmI3ZTRmZGIwZTZmNDdmOTZkNWY5NWViODU0MmY1YjQ1Mjp7fQ=="
  },
  "model": "sessions.session",
  "pk": "o1dt64z82ggkotjn54yu6la32abzlagf"
},
{
  "fields": {
    "expire_date": "2015-04-21T23:49:47.792Z",
    "session_data": "MjA1NDQ1MmI3ZTRmZGIwZTZmNDdmOTZkNWY5NWViODU0MmY1YjQ1Mjp7fQ=="
  },
  "model": "sessions.session",
  "pk": "rnjex60nibwhjd3n6k8tz5coqqf25je6"
},
{
  "fields": {
    "expire_date": "2015-04-22T06:08:56.438Z",
    "session_data": "ZmU3MjYxZWJmMTE3MGJmYjJhZjNmOGRmMmUzNDA0MzNmYzg2YmQ3NTp7InRvdGFsIjoiMjQuOTkifQ=="
  },
  "model": "sessions.session",
  "pk": "y9jctu3sl67onbnby0ziiqpbrt7f43z3"
},
{
  "fields": {
    "expire_date": "2015-04-15T23:37:18.306Z",
    "session_data": "OGFjMTgwZDQ1NDViNTNiOTdiZTlkZGEwNThlNDdiMzIyODgxZDBkNjp7InRvdGFsIjoiMTIuMDAifQ=="
  },
  "model": "sessions.session",
  "pk": "z8h3fgb26toikjuiwuofr1d5xqg6bzt9"
},
{
  "fields": {
    "first_name": "Jack",
    "last_name": "Wilson",
    "is_active": true,
    "cart": 1,
    "is_superuser": false,
    "is_staff": false,
    "last_login": "2015-04-07T19:21:49.173Z",
    "groups": [],
    "user_permissions": [],
    "password": "pbkdf2_sha256$15000$R2nZKikT87Qa$lQiHLwyzafy5y2rm9ghi35I6hqtcju4LQfJ3I9+zs7I=",
    "email": "testemailecom+1@gmail.com"
  },
  "model": "users.user",
  "pk": 1
},
{
  "fields": {
    "first_name": "Arlette",
    "last_name": "Arroyo",
    "is_active": true,
    "cart": 3,
    "is_superuser": false,
    "is_staff": false,
    "last_login": "2015-03-28T19:49:28.005Z",
    "groups": [],
    "user_permissions": [],
    "password": "pbkdf2_sha256$15000$PsDVpsWJo07h$Py9WuN39xUkru280yvyXMalzzbdsMHfMD2l7YA8OAh8=",
    "email": "testemailecom+2@gmail.com"
  },
  "model": "users.user",
  "pk": 2
},
{
  "fields": {
    "first_name": "yvette",
    "last_name": "arroyo",
    "is_active": true,
    "cart": 4,
    "is_superuser": false,
    "is_staff": false,
    "last_login": "2015-03-28T19:56:37.037Z",
    "groups": [],
    "user_permissions": [],
    "password": "pbkdf2_sha256$15000$WnOMiUun1tzV$85QyaYTq0eq0xMKCedQWuRaowWJdCvVvSBAm+AzYC6U=",
    "email": "yvettearroyo@hotmail.com"
  },
  "model": "users.user",
  "pk": 3
},
{
  "fields": {
    "first_name": "Mark",
    "last_name": "Rodriguez",
    "is_active": true,
    "cart": 8,
    "is_superuser": false,
    "is_staff": false,
    "last_login": "2015-04-04T17:56:13.309Z",
    "groups": [],
    "user_permissions": [],
    "password": "pbkdf2_sha256$15000$Go0VRMpBHSgk$CiC9B1FEDRpsS+dGjOrMkpxyL8woWYB4Npmos0/VtBI=",
    "email": "testemailecom+3@gmail.com"
  },
  "model": "users.user",
  "pk": 4
},
{
  "fields": {
    "first_name": "Giovanni",
    "last_name": "Arroyo",
    "is_active": true,
    "cart": null,
    "is_superuser": true,
    "is_staff": true,
    "last_login": "2015-04-07T23:27:50.861Z",
    "groups": [],
    "user_permissions": [],
    "password": "pbkdf2_sha256$15000$U9DOw5dFJgf1$gnmAvLyI3FjbPVtBH+soPEENbhuUe5AgX6fC1hcKYpE=",
    "email": "garroyo@gmail.com"
  },
  "model": "users.user",
  "pk": 5
},
{
  "fields": {
    "category": 8,
    "name": "color",
    "value": "blue"
  },
  "model": "products.tag",
  "pk": 1
},
{
  "fields": {
    "category": 5,
    "name": "pattern",
    "value": "plaid"
  },
  "model": "products.tag",
  "pk": 2
},
{
  "fields": {
    "category": 8,
    "name": "color",
    "value": "green"
  },
  "model": "products.tag",
  "pk": 3
},
{
  "fields": {
    "category": 8,
    "name": "color",
    "value": "red"
  },
  "model": "products.tag",
  "pk": 4
},
{
  "fields": {
    "category": 5,
    "name": "fit",
    "value": "Slim"
  },
  "model": "products.tag",
  "pk": 8
},
{
  "fields": {
    "category": 5,
    "name": "fit",
    "value": "Regular"
  },
  "model": "products.tag",
  "pk": 10
},
{
  "fields": {
    "category": 8,
    "name": "color",
    "value": "black"
  },
  "model": "products.tag",
  "pk": 11
},
{
  "fields": {
    "category": 8,
    "name": "color",
    "value": "gray"
  },
  "model": "products.tag",
  "pk": 12
},
{
  "fields": {
    "category": 5,
    "name": "type",
    "value": "casual"
  },
  "model": "products.tag",
  "pk": 13
},
{
  "fields": {
    "category": 5,
    "name": "type",
    "value": "workout"
  },
  "model": "products.tag",
  "pk": 14
},
{
  "fields": {
    "category": 5,
    "name": "pattern",
    "value": "stripes"
  },
  "model": "products.tag",
  "pk": 15
},
{
  "fields": {
    "category": 5,
    "name": "pattern",
    "value": "solid"
  },
  "model": "products.tag",
  "pk": 16
},
{
  "fields": {
    "category": 5,
    "name": "style",
    "value": "graphic"
  },
  "model": "products.tag",
  "pk": 17
},
{
  "fields": {
    "category": 5,
    "name": "style",
    "value": "buttoned"
  },
  "model": "products.tag",
  "pk": 18
},
{
  "fields": {
    "category": 7,
    "name": "type",
    "value": "dress"
  },
  "model": "products.tag",
  "pk": 19
},
{
  "fields": {
    "category": 7,
    "name": "type",
    "value": "casual"
  },
  "model": "products.tag",
  "pk": 20
},
{
  "fields": {
    "category": 7,
    "name": "type",
    "value": "sport"
  },
  "model": "products.tag",
  "pk": 21
},
{
  "fields": {
    "category": 1,
    "name": "type",
    "value": "casual"
  },
  "model": "products.tag",
  "pk": 22
},
{
  "fields": {
    "category": 1,
    "name": "type",
    "value": "workout"
  },
  "model": "products.tag",
  "pk": 23
},
{
  "fields": {
    "category": 1,
    "name": "style",
    "value": "buttoned"
  },
  "model": "products.tag",
  "pk": 24
},
{
  "fields": {
    "category": 1,
    "name": "style",
    "value": "henley"
  },
  "model": "products.tag",
  "pk": 25
},
{
  "fields": {
    "category": 1,
    "name": "style",
    "value": "polo"
  },
  "model": "products.tag",
  "pk": 26
},
{
  "fields": {
    "category": 1,
    "name": "style",
    "value": "graphic"
  },
  "model": "products.tag",
  "pk": 27
},
{
  "fields": {
    "category": 1,
    "name": "style",
    "value": "jersey"
  },
  "model": "products.tag",
  "pk": 28
},
{
  "fields": {
    "category": 1,
    "name": "fit",
    "value": "regular"
  },
  "model": "products.tag",
  "pk": 29
},
{
  "fields": {
    "category": 1,
    "name": "fit",
    "value": "slim"
  },
  "model": "products.tag",
  "pk": 30
},
{
  "fields": {
    "category": 4,
    "name": "type",
    "value": "casual"
  },
  "model": "products.tag",
  "pk": 31
},
{
  "fields": {
    "category": 4,
    "name": "type",
    "value": "workout"
  },
  "model": "products.tag",
  "pk": 32
},
{
  "fields": {
    "category": 4,
    "name": "type",
    "value": "swimwear"
  },
  "model": "products.tag",
  "pk": 33
},
{
  "fields": {
    "category": 4,
    "name": "length",
    "value": "normal"
  },
  "model": "products.tag",
  "pk": 34
},
{
  "fields": {
    "category": 4,
    "name": "length",
    "value": "baggy"
  },
  "model": "products.tag",
  "pk": 35
},
{
  "fields": {
    "category": 4,
    "name": "pattern",
    "value": "plaid"
  },
  "model": "products.tag",
  "pk": 36
},
{
  "fields": {
    "category": 4,
    "name": "pattern",
    "value": "solid"
  },
  "model": "products.tag",
  "pk": 37
},
{
  "fields": {
    "category": 2,
    "name": "type",
    "value": "casual"
  },
  "model": "products.tag",
  "pk": 38
},
{
  "fields": {
    "category": 2,
    "name": "type",
    "value": "workout"
  },
  "model": "products.tag",
  "pk": 39
},
{
  "fields": {
    "category": 2,
    "name": "fit",
    "value": "regular"
  },
  "model": "products.tag",
  "pk": 40
},
{
  "fields": {
    "category": 2,
    "name": "fit",
    "value": "slim"
  },
  "model": "products.tag",
  "pk": 41
},
{
  "fields": {
    "category": 6,
    "name": "style",
    "value": "fedora"
  },
  "model": "products.tag",
  "pk": 42
},
{
  "fields": {
    "category": 6,
    "name": "style",
    "value": "baseball cap"
  },
  "model": "products.tag",
  "pk": 43
},
{
  "fields": {
    "picture": "products/20150205_140305_SQbIo9S.jpg",
    "name": "Elecktro Skull ",
    "tags": [
      11,
      22,
      27,
      29
    ],
    "color": "black",
    "price": "12.00",
    "qty": 46,
    "categories": [
      1
    ],
    "description": "Classy Fighter Graphic Tee."
  },
  "model": "products.product",
  "pk": 25
},
{
  "fields": {
    "picture": "products/20150205_140305_lg8F7BW.jpg",
    "name": "SwiftTiger - workout shorts",
    "tags": [
      12
    ],
    "color": "gray",
    "price": "29.99",
    "qty": 40,
    "categories": [
      4
    ],
    "description": "Get into shape with these lightweight  and sweat proof shorts that will keep you cool and dry during those workouts.."
  },
  "model": "products.product",
  "pk": 26
},
{
  "fields": {
    "picture": "products/20150205_140305_jOWyyU5.jpg",
    "name": "Plaid Short",
    "tags": [
      2,
      4
    ],
    "color": "red",
    "price": "24.99",
    "qty": 13,
    "categories": [
      4
    ],
    "description": "Crispy plaid shorts"
  },
  "model": "products.product",
  "pk": 27
},
{
  "fields": {
    "picture": "products/20150205_140305_PqY8Tey.jpg",
    "name": "Elite Dry Fit - Workout Shirt",
    "tags": [
      12,
      23,
      29
    ],
    "color": "gray",
    "price": "19.99",
    "qty": 12,
    "categories": [
      1
    ],
    "description": "Get the max out of your workout with this shirt from SwiftTiger"
  },
  "model": "products.product",
  "pk": 28
},
{
  "fields": {
    "picture": "products/20150205_140305_IYVsGKX.jpg",
    "name": "Crispy Funk - Genuine Leather Shoes",
    "tags": [
      11,
      19
    ],
    "color": "black",
    "price": "34.86",
    "qty": 15,
    "categories": [
      7
    ],
    "description": "Hand made leather shoes put the finishing touch on your suit."
  },
  "model": "products.product",
  "pk": 29
},
{
  "fields": {
    "picture": "products/20150205_140305_7jHagmE.jpg",
    "name": "CrispyFunk - henley shirt",
    "tags": [
      12,
      22,
      25,
      30
    ],
    "color": "gray",
    "price": "24.99",
    "qty": 100,
    "categories": [
      1
    ],
    "description": "Nice henley shirt"
  },
  "model": "products.product",
  "pk": 31
},
{
  "fields": {
    "picture": "products/20150205_140305_Ugv81uq.jpg",
    "name": "Workout polo",
    "tags": [
      1,
      23,
      26,
      30
    ],
    "color": "blue",
    "price": "34.00",
    "qty": 4,
    "categories": [
      1
    ],
    "description": "Look good while working out."
  },
  "model": "products.product",
  "pk": 32
},
{
  "fields": {
    "picture": "products/20150205_140305_fAsuktX.jpg",
    "name": "Buttoned Skater shirt",
    "tags": [
      1,
      22,
      24,
      29
    ],
    "color": "blue",
    "price": "34.99",
    "qty": 15,
    "categories": [
      1
    ],
    "description": "Light and cool skating shirt"
  },
  "model": "products.product",
  "pk": 33
},
{
  "fields": {
    "picture": "products/20150205_140305_aK2Iqwk.jpg",
    "name": "CrispyFunk - polo shirt",
    "tags": [
      4,
      22,
      26,
      30
    ],
    "color": "red",
    "price": "34.99",
    "qty": 40,
    "categories": [
      1
    ],
    "description": "Polo shirt"
  },
  "model": "products.product",
  "pk": 34
},
{
  "fields": {
    "picture": "products/20150205_140305_Ooj3qyw.jpg",
    "name": "Happy Triangle - Slim Fit buttoned shirt",
    "tags": [
      3,
      22,
      24,
      30
    ],
    "color": "green",
    "price": "34.99",
    "qty": 28,
    "categories": [
      1
    ],
    "description": "nice buttoned shirt"
  },
  "model": "products.product",
  "pk": 35
},
{
  "fields": {
    "picture": "products/20150205_140305_414WcZb.jpg",
    "name": "Metallic rose",
    "tags": [
      11,
      22,
      27,
      29
    ],
    "color": "black",
    "price": "23.95",
    "qty": 34,
    "categories": [
      1
    ],
    "description": "Mettallic rose graphic tee"
  },
  "model": "products.product",
  "pk": 36
},
{
  "fields": {
    "picture": "products/20150205_140305_4o1Ia98.jpg",
    "name": "FastStride - Running Shirt",
    "tags": [
      3,
      23,
      29
    ],
    "color": "green",
    "price": "17.99",
    "qty": 25,
    "categories": [
      1
    ],
    "description": "Go the distance with this running shirt"
  },
  "model": "products.product",
  "pk": 37
},
{
  "fields": {
    "session_key": null
  },
  "model": "carts.cart",
  "pk": 1
},
{
  "fields": {
    "session_key": "jfz5twmbbd8g3omo2p028labqliaiv69"
  },
  "model": "carts.cart",
  "pk": 2
},
{
  "fields": {
    "session_key": null
  },
  "model": "carts.cart",
  "pk": 3
},
{
  "fields": {
    "session_key": null
  },
  "model": "carts.cart",
  "pk": 4
},
{
  "fields": {
    "session_key": "be6ut6i28dlspu6sygbmw12s6y5i3zg0"
  },
  "model": "carts.cart",
  "pk": 5
},
{
  "fields": {
    "session_key": "z4vzu1fh5zzdt31skxprbnqwt66lyx7c"
  },
  "model": "carts.cart",
  "pk": 6
},
{
  "fields": {
    "session_key": "z8h3fgb26toikjuiwuofr1d5xqg6bzt9"
  },
  "model": "carts.cart",
  "pk": 7
},
{
  "fields": {
    "session_key": null
  },
  "model": "carts.cart",
  "pk": 8
},
{
  "fields": {
    "session_key": "fe8v2fie2qdxhowbkeiz7zj91s6cncka"
  },
  "model": "carts.cart",
  "pk": 9
},
{
  "fields": {
    "session_key": "ki8wm0pf2eaq42llg6khok7o8a2sa7w7"
  },
  "model": "carts.cart",
  "pk": 10
},
{
  "fields": {
    "session_key": "f7rlvk4mfntxm374tvqp4apgdfykaxtr"
  },
  "model": "carts.cart",
  "pk": 11
},
{
  "fields": {
    "session_key": "n4czuirxrnv34r50dti5u7hoqf0j539d"
  },
  "model": "carts.cart",
  "pk": 12
},
{
  "fields": {
    "session_key": "rnjex60nibwhjd3n6k8tz5coqqf25je6"
  },
  "model": "carts.cart",
  "pk": 13
},
{
  "fields": {
    "session_key": "wr1c0niiruu5aptftdgdr40th2cabw43"
  },
  "model": "carts.cart",
  "pk": 14
},
{
  "fields": {
    "session_key": "95gg32eb49mppb0g99ftzpt2f86okftp"
  },
  "model": "carts.cart",
  "pk": 15
},
{
  "fields": {
    "session_key": "y9jctu3sl67onbnby0ziiqpbrt7f43z3"
  },
  "model": "carts.cart",
  "pk": 16
},
{
  "fields": {
    "session_key": "65893qeae6hkw7n8j58vlzh7z0td5e1i"
  },
  "model": "carts.cart",
  "pk": 17
},
{
  "fields": {
    "session_key": "o1dt64z82ggkotjn54yu6la32abzlagf"
  },
  "model": "carts.cart",
  "pk": 18
},
{
  "fields": {
    "session_key": "m6x8o87uulxorv2jb0nsr4cqwqwdfe34"
  },
  "model": "carts.cart",
  "pk": 19
},
{
  "fields": {
    "session_key": "azkg6am41lan6y12axxyr7khjubtp5ro"
  },
  "model": "carts.cart",
  "pk": 20
},
{
  "fields": {
    "session_key": "jyc9rqm2xv823d8nfd00yzt5tefc3l3e"
  },
  "model": "carts.cart",
  "pk": 21
},
{
  "fields": {
    "product": 37,
    "cart": 6,
    "qty": 1
  },
  "model": "carts.cartitem",
  "pk": 6
},
{
  "fields": {
    "product": 25,
    "cart": 5,
    "qty": 1
  },
  "model": "carts.cartitem",
  "pk": 7
},
{
  "fields": {
    "product": 25,
    "cart": 7,
    "qty": 1
  },
  "model": "carts.cartitem",
  "pk": 8
},
{
  "fields": {
    "product": 35,
    "cart": 9,
    "qty": 6
  },
  "model": "carts.cartitem",
  "pk": 11
},
{
  "fields": {
    "product": 28,
    "cart": 9,
    "qty": 1
  },
  "model": "carts.cartitem",
  "pk": 12
},
{
  "fields": {
    "product": 28,
    "cart": 1,
    "qty": 1
  },
  "model": "carts.cartitem",
  "pk": 13
},
{
  "fields": {
    "product": 28,
    "cart": 10,
    "qty": 1
  },
  "model": "carts.cartitem",
  "pk": 14
},
{
  "fields": {
    "product": 37,
    "cart": 14,
    "qty": 4
  },
  "model": "carts.cartitem",
  "pk": 15
},
{
  "fields": {
    "product": 27,
    "cart": 16,
    "qty": 1
  },
  "model": "carts.cartitem",
  "pk": 16
},
{
  "fields": {
    "city": "chicago",
    "state": "Il",
    "street": "1234",
    "zipcode": "60639"
  },
  "model": "orders.address",
  "pk": 1
},
{
  "fields": {
    "city": "chicago",
    "state": "il",
    "street": "1234",
    "zipcode": "60639"
  },
  "model": "orders.address",
  "pk": 2
},
{
  "fields": {
    "city": "chicago",
    "state": "il",
    "street": "1234",
    "zipcode": "60639"
  },
  "model": "orders.address",
  "pk": 3
},
{
  "fields": {
    "city": "Chicago ",
    "state": "il",
    "street": "5478 W. Parker",
    "zipcode": "60639"
  },
  "model": "orders.address",
  "pk": 4
},
{
  "fields": {
    "city": "chicago",
    "state": "il",
    "street": "1234 n long",
    "zipcode": "60630"
  },
  "model": "orders.address",
  "pk": 5
},
{
  "fields": {
    "email": "testemailecom+1@gmail.com",
    "shipped": false,
    "user": 1,
    "address": 1,
    "date": "2015-03-27T21:20:08.406Z",
    "payment": 1
  },
  "model": "orders.order",
  "pk": 1
},
{
  "fields": {
    "email": "testemailecom+1@gmail.com",
    "shipped": false,
    "user": 1,
    "address": 2,
    "date": "2015-03-27T21:30:01.607Z",
    "payment": 2
  },
  "model": "orders.order",
  "pk": 2
},
{
  "fields": {
    "email": "testemailecom+2@gmail.com",
    "shipped": false,
    "user": 2,
    "address": 3,
    "date": "2015-03-28T19:50:31.270Z",
    "payment": 3
  },
  "model": "orders.order",
  "pk": 3
},
{
  "fields": {
    "email": "yvettearroyo@hotmail.com",
    "shipped": false,
    "user": 3,
    "address": 4,
    "date": "2015-03-28T19:57:56.004Z",
    "payment": 4
  },
  "model": "orders.order",
  "pk": 4
},
{
  "fields": {
    "email": "testemailecom+3@gmail.com",
    "shipped": false,
    "user": 4,
    "address": 5,
    "date": "2015-04-04T18:08:27.487Z",
    "payment": 5
  },
  "model": "orders.order",
  "pk": 5
},
{
  "fields": {
    "price": "12.00",
    "product": 25,
    "qty": 1,
    "order": 1,
    "title": "Elecktro Skull "
  },
  "model": "orders.orderitem",
  "pk": 1
},
{
  "fields": {
    "price": "17.99",
    "product": 37,
    "qty": 1,
    "order": 1,
    "title": "FastStride - Running Shirt"
  },
  "model": "orders.orderitem",
  "pk": 2
},
{
  "fields": {
    "price": "19.99",
    "product": 28,
    "qty": 3,
    "order": 2,
    "title": "Elite Dry Fit - Workout Shirt"
  },
  "model": "orders.orderitem",
  "pk": 3
},
{
  "fields": {
    "price": "17.99",
    "product": 37,
    "qty": 1,
    "order": 3,
    "title": "FastStride - Running Shirt"
  },
  "model": "orders.orderitem",
  "pk": 4
},
{
  "fields": {
    "price": "12.00",
    "product": 25,
    "qty": 1,
    "order": 4,
    "title": "Elecktro Skull "
  },
  "model": "orders.orderitem",
  "pk": 5
},
{
  "fields": {
    "price": "19.99",
    "product": 28,
    "qty": 1,
    "order": 5,
    "title": "Elite Dry Fit - Workout Shirt"
  },
  "model": "orders.orderitem",
  "pk": 6
},
{
  "fields": {
    "total": "29.99"
  },
  "model": "payments.payment",
  "pk": 1
},
{
  "fields": {
    "total": "59.97"
  },
  "model": "payments.payment",
  "pk": 2
},
{
  "fields": {
    "total": "17.99"
  },
  "model": "payments.payment",
  "pk": 3
},
{
  "fields": {
    "total": "12.00"
  },
  "model": "payments.payment",
  "pk": 4
},
{
  "fields": {
    "total": "19.99"
  },
  "model": "payments.payment",
  "pk": 5
},
{
  "fields": {
    "name": "t-shirts"
  },
  "model": "categories.category",
  "pk": 1
},
{
  "fields": {
    "name": "pants"
  },
  "model": "categories.category",
  "pk": 2
},
{
  "fields": {
    "name": "shorts"
  },
  "model": "categories.category",
  "pk": 4
},
{
  "fields": {
    "name": "long-sleeves shirts"
  },
  "model": "categories.category",
  "pk": 5
},
{
  "fields": {
    "name": "hats"
  },
  "model": "categories.category",
  "pk": 6
},
{
  "fields": {
    "name": "shoes"
  },
  "model": "categories.category",
  "pk": 7
},
{
  "fields": {
    "name": "All"
  },
  "model": "categories.category",
  "pk": 8
}
]
